name,name_norm,ioc,hand,height_cm,first_seen_date,last_seen_date
Andre Agassi,andre agassi,USA,R,180.0,2000-01-17,2006-08-28
Sjeng Schalken,sjeng schalken,NED,R,193.0,2000-01-17,2005-01-17
Mariano Zabaleta,mariano zabaleta,ARG,R,183.0,2000-01-17,2008-01-14
Todd Woodbridge,todd woodbridge,AUS,R,178.0,2000-01-17,2001-06-25
Andrew Ilie,andrew ilie,AUS,R,180.0,2000-01-17,2003-01-13
Jiri Novak,jiri novak,CZE,R,190.0,2000-01-17,2006-08-28
Raemon Sluiter,raemon sluiter,NED,R,185.0,2000-01-17,2006-08-28
Mark Philippoussis,mark philippoussis,AUS,R,196.0,2000-01-17,2006-08-28
Richard Krajicek,richard krajicek,NED,R,196.0,2000-01-17,2003-01-13
Nicolas Escude,nicolas escude,FRA,R,185.0,2000-01-17,2004-05-24
Leander Paes,leander paes,IND,R,178.0,2000-01-17,2001-06-25
Andreas Vinciguerra,andreas vinciguerra,SWE,L,180.0,2000-01-17,2003-08-25
Fredrik Jonsson,fredrik jonsson,SWE,R,193.0,2000-01-17,2001-06-25
Hicham Arazi,hicham arazi,MAR,L,175.0,2000-01-17,2004-08-30
Fernando Vicente,fernando vicente,ESP,R,180.0,2000-01-17,2007-06-25
Todd Martin,todd martin,USA,R,198.0,2000-01-17,2004-08-30
Pete Sampras,pete sampras,USA,R,185.0,2000-01-17,2002-08-26
Mikael Tillstrom,mikael tillstrom,SWE,R,185.0,2000-01-17,2000-08-28
Marc Rosset,marc rosset,SUI,R,201.0,2000-01-17,2003-06-23
Wayne Black,wayne black,ZIM,R,170.0,2000-01-17,2001-06-25
Franco Squillari,franco squillari,ARG,L,183.0,2000-01-17,2003-08-25
Mark Woodforde,mark woodforde,AUS,L,188.0,2000-01-17,2000-06-26
Slava Dosedel,slava dosedel,CZE,R,183.0,2000-01-17,2001-08-27
Paradorn Srichaphan,paradorn srichaphan,THA,R,185.0,2000-01-17,2007-01-15
Tim Henman,tim henman,GBR,R,185.0,2000-01-17,2007-08-27
Rainer Schuettler,rainer schuettler,GER,R,180.0,2000-01-17,2011-06-20
Michael Hill,michael hill,AUS,R,188.0,2000-01-17,2000-01-17
Sebastien Grosjean,sebastien grosjean,FRA,R,175.0,2000-01-17,2010-01-18
James Sekulov,james sekulov,AUS,R,180.0,2000-01-17,2000-01-17
Chris Woodruff,chris woodruff,USA,R,188.0,2000-01-17,2001-08-27
Axel Pretzsch,axel pretzsch,GER,R,185.0,2000-01-17,2002-01-14
Richard Fromberg,richard fromberg,AUS,R,196.0,2000-01-17,2002-01-14
Albert Portas,albert portas,ESP,R,188.0,2000-01-17,2006-06-26
Adrian Voinea,adrian voinea,ROU,R,185.0,2000-01-17,2003-06-23
Lleyton Hewitt,lleyton hewitt,AUS,R,180.0,2000-01-17,2016-01-18
Alex Corretja,alex corretja,ESP,R,180.0,2000-01-17,2004-08-30
Jonas Bjorkman,jonas bjorkman,SWE,R,183.0,2000-01-17,2008-06-23
Jiri Vanek,jiri vanek,CZE,R,185.0,2000-01-17,2009-05-25
Gianluca Pozzi,gianluca pozzi,ITA,L,180.0,2000-01-17,2001-08-27
Magnus Norman,magnus norman,SWE,R,188.0,2000-01-17,2003-08-25
Goran Ivanisevic,goran ivanisevic,CRO,L,193.0,2000-01-17,2004-06-21
Francisco Clavet,francisco clavet,ESP,L,183.0,2000-01-17,2003-01-13
Wayne Ferreira,wayne ferreira,RSA,R,185.0,2000-01-17,2004-08-30
Thomas Johansson,thomas johansson,SWE,R,180.0,2000-01-17,2008-08-25
Michael Llodra,michael llodra,FRA,L,190.0,2000-01-17,2014-08-25
Karim Alami,karim alami,MAR,R,185.0,2000-01-17,2001-08-27
Tomas Behrend,tomas behrend,GER,R,193.0,2000-01-17,2006-01-16
Nicolas Kiefer,nicolas kiefer,GER,R,183.0,2000-01-17,2010-06-21
Nicolas Lapentti,nicolas lapentti,ECU,R,188.0,2000-01-17,2010-05-24
Arnaud Clement,arnaud clement,FRA,R,173.0,2000-01-17,2012-05-27
Jan Kroslak,jan kroslak,SVK,R,188.0,2000-01-17,2000-01-17
Roger Federer,roger federer,SUI,R,185.0,2000-01-17,2021-06-28
Juan Carlos Ferrero,juan carlos ferrero,ESP,R,183.0,2000-01-17,2012-06-25
Laurence Tieleman,laurence tieleman,ITA,R,180.0,2000-01-17,2000-06-26
Younes El Aynaoui,younes el aynaoui,MAR,R,193.0,2000-01-17,2005-08-29
Tommy Haas,tommy haas,GER,R,188.0,2000-01-17,2017-07-03
Christophe Rochus,christophe rochus,BEL,R,170.0,2000-01-17,2010-01-18
Kevin Ullyett,kevin ullyett,ZIM,R,178.0,2000-01-17,2000-01-17
Antony Dupuis,antony dupuis,FRA,R,185.0,2000-01-17,2005-06-20
Max Mirnyi,max mirnyi,BLR,R,196.0,2000-01-17,2007-08-27
Stefan Koubek,stefan koubek,AUT,L,175.0,2000-01-17,2010-06-21
Grant Stafford,grant stafford,RSA,R,188.0,2000-01-17,2000-01-17
Daniel Vacek,daniel vacek,CZE,R,190.0,2000-01-17,2002-01-14
Yevgeny Kafelnikov,yevgeny kafelnikov,RUS,R,190.0,2000-01-17,2003-08-25
Karol Kucera,karol kucera,SVK,R,188.0,2000-01-17,2005-08-29
Nicolas Massu,nicolas massu,CHI,R,183.0,2000-05-29,2010-06-21
Jason Stoltenberg,jason stoltenberg,AUS,R,185.0,2000-01-17,2001-06-25
Juan Ignacio Chela,juan ignacio chela,ARG,R,190.0,2000-05-29,2012-06-25
Markus Hantschk,markus hantschk,GER,R,188.0,2000-05-29,2001-01-15
Attila Savolt,attila savolt,HUN,R,183.0,2000-05-29,2003-05-26
Albert Costa,albert costa,ESP,R,180.0,2000-01-17,2005-08-29
Hernan Gumy,hernan gumy,ARG,R,188.0,2000-01-17,2000-08-28
Gaston Gaudio,gaston gaudio,ARG,R,175.0,2000-01-17,2009-05-25
Thomas Enqvist,thomas enqvist,SWE,R,190.0,2000-01-17,2005-06-20
Fabrice Santoro,fabrice santoro,FRA,R,178.0,2000-01-17,2010-01-18
Sargis Sargsian,sargis sargsian,ARM,R,180.0,2000-01-17,2005-06-20
Andrei Medvedev,andrei medvedev,UKR,R,193.0,2000-01-17,2001-06-25
Agustin Calleri,agustin calleri,ARG,R,183.0,2000-05-29,2009-06-22
Dominik Hrbaty,dominik hrbaty,SVK,R,183.0,2000-01-17,2009-01-19
Marat Safin,marat safin,RUS,R,193.0,2000-01-17,2009-08-31
Andrea Gaudenzi,andrea gaudenzi,ITA,R,183.0,2000-01-17,2003-01-13
Juan Balcells,juan balcells,ESP,R,190.0,2000-05-29,2003-01-13
Patrick Rafter,patrick rafter,AUS,R,185.0,2000-05-29,2001-08-27
Cedric Pioline,cedric pioline,FRA,R,188.0,2000-01-17,2002-06-24
Gustavo Kuerten,gustavo kuerten,BRA,R,190.0,2000-01-17,2008-05-25
Marcelo Charpentier,marcelo charpentier,ARG,L,180.0,2000-05-29,2000-05-29
Michael Chang,michael chang,USA,R,175.0,2000-01-17,2003-08-25
Guillermo Coria,guillermo coria,ARG,R,175.0,2000-05-29,2008-05-25
Bohdan Ulihrach,bohdan ulihrach,CZE,R,188.0,2000-05-29,2007-06-25
Christian Vinck,christian vinck,GER,L,183.0,2000-05-29,2001-01-15
Ronald Agenor,ronald agenor,USA,R,180.0,2000-01-17,2000-06-26
Federico Browne,federico browne,ARG,R,180.0,2000-05-29,2003-05-26
Jan Michael Gambill,jan michael gambill,USA,R,190.0,2000-01-17,2005-08-29
Orlin Stanoytchev,orlin stanoytchev,BUL,R,185.0,2000-01-17,2000-08-28
Michel Kratochvil,michel kratochvil,SUI,R,185.0,2000-05-29,2003-06-23
Werner Eschauer,werner eschauer,AUT,R,188.0,2000-05-29,2008-01-14
Fernando Meligeni,fernando meligeni,BRA,L,180.0,2000-01-17,2003-01-13
Mariano Puerta,mariano puerta,ARG,L,180.0,2000-01-17,2005-08-29
Markus Hipfl,markus hipfl,AUT,R,178.0,2000-01-17,2002-06-24
Paul Goldstein,paul goldstein,USA,R,178.0,2000-01-17,2007-08-27
Justin Gimelstob,justin gimelstob,USA,R,196.0,2000-05-29,2007-08-27
Alberto Martin,alberto martin,ESP,R,175.0,2000-01-17,2009-08-31
Neville Godwin,neville godwin,RSA,R,173.0,2000-06-26,2002-06-24
Harel Levy,harel levy,ISR,R,185.0,2000-05-29,2008-01-14
Jeff Tarango,jeff tarango,USA,L,180.0,2000-01-17,2001-01-15
Olivier Rochus,olivier rochus,BEL,R,168.0,2000-06-26,2013-06-24
Alex Obrien,alex obrien,USA,R,185.0,2000-01-17,2001-01-15
Byron Black,byron black,ZIM,R,175.0,2000-01-17,2002-01-14
Vincent Spadea,vincent spadea,USA,R,183.0,2000-01-17,2009-06-22
Andrei Pavel,andrei pavel,ROU,R,183.0,2000-05-29,2009-08-31
Daniel Nestor,daniel nestor,CAN,L,190.0,2000-06-26,2001-06-25
Martin Lee,martin lee,GBR,L,180.0,2000-06-26,2006-06-26
Vladimir Voltchkov,vladimir voltchkov,BLR,R,180.0,2000-06-26,2004-05-24
Magnus Gustafsson,magnus gustafsson,SWE,R,185.0,2000-05-29,2001-08-27
Arvind Parmar,arvind parmar,GBR,R,193.0,2000-01-17,2004-06-21
Alexander Popp,alexander popp,GER,R,201.0,2000-05-29,2005-08-29
Justin Bower,justin bower,RSA,L,190.0,2000-06-26,2002-06-24
Sebastien Lareau,sebastien lareau,CAN,R,183.0,2000-01-17,2000-08-28
Arnaud Di Pasquale,arnaud di pasquale,FRA,R,185.0,2000-05-29,2004-08-30
Martin Damm Sr,martin damm sr,CZE,R,188.0,2000-01-17,2002-01-14
David Prinosil,david prinosil,GER,R,185.0,2000-05-29,2003-01-13
Stephane Huet,stephane huet,FRA,L,180.0,2000-05-29,2001-06-25
Jerome Golmard,jerome golmard,FRA,L,188.0,2000-01-17,2004-08-30
Julien Boutter,julien boutter,FRA,R,190.0,2000-01-17,2004-06-21
Marcelo Rios,marcelo rios,CHI,L,175.0,2000-05-29,2003-05-26
Jens Knippschild,jens knippschild,GER,R,190.0,2000-01-17,2002-05-27
Petr Kralert,petr kralert,CZE,R,188.0,2000-08-28,2000-08-28
Hyung Taik Lee,hyung taik lee,KOR,R,180.0,2000-08-28,2008-08-25
Fernando Gonzalez,fernando gonzalez,CHI,R,183.0,2000-08-28,2011-08-29
Andre Sa,andre sa,BRA,R,185.0,2000-05-29,2004-06-21
Cyril Saulnier,cyril saulnier,FRA,R,190.0,2000-01-17,2006-01-16
Carlos Moya,carlos moya,ESP,R,190.0,2000-05-29,2010-01-18
Greg Rusedski,greg rusedski,GBR,L,193.0,2000-05-29,2006-08-28
Galo Blanco,galo blanco,ESP,R,173.0,2000-01-17,2004-06-21
Xavier Malisse,xavier malisse,BEL,R,185.0,2000-08-28,2013-08-26
Wayne Arthurs,wayne arthurs,AUS,L,190.0,2000-01-17,2007-06-25
Lars Burgsmuller,lars burgsmuller,GER,R,183.0,2000-08-28,2006-01-16
Alex Calatrava,alex calatrava,ESP,R,190.0,2001-01-15,2005-06-20
Jan Siemerink,jan siemerink,NED,L,183.0,2000-01-17,2001-08-27
Cecil Mamiit,cecil mamiit,PHI,R,173.0,2000-01-17,2004-01-19
Mikhail Youzhny,mikhail youzhny,RUS,R,183.0,2001-01-15,2018-08-27
Ivo Heuberger,ivo heuberger,SUI,R,188.0,2001-01-15,2004-08-30
Nikolay Davydenko,nikolay davydenko,RUS,R,178.0,2001-01-15,2014-05-26
Guillermo Canas,guillermo canas,ARG,R,185.0,2000-01-17,2009-06-22
Michal Tabara,michal tabara,CZE,R,175.0,2000-01-17,2005-06-20
Sergi Bruguera,sergi bruguera,ESP,R,188.0,2000-05-29,2001-08-27
Michael Russell,michael russell,USA,R,173.0,2000-06-26,2015-01-19
Kristian Pless,kristian pless,DEN,R,188.0,2001-05-28,2007-08-27
Tommy Robredo,tommy robredo,ESP,R,180.0,2001-01-15,2018-08-27
Jean Rene Lisnard,jean rene lisnard,MON,R,173.0,2000-05-29,2011-08-29
Marcos Ondruska,marcos ondruska,RSA,R,183.0,2001-01-15,2001-05-28
Jacobo Diaz,jacobo diaz,ESP,R,173.0,2000-01-17,2003-01-13
Jose Acasuso,jose acasuso,ARG,R,190.0,2001-05-28,2010-01-18
Andy Roddick,andy roddick,USA,R,188.0,2000-08-28,2012-08-27
Jan Frode Andersen,jan frode andersen,NOR,L,190.0,2001-05-28,2001-05-28
Andrei Stoliarov,andrei stoliarov,RUS,R,178.0,2001-01-15,2002-06-24
Albert Montanes,albert montanes,ESP,R,175.0,2001-05-28,2016-06-27
Nicolas Coutelot,nicolas coutelot,FRA,R,185.0,2001-05-28,2003-05-26
David Sanchez,david sanchez,ESP,R,183.0,2000-08-28,2005-05-23
Magnus Larsson,magnus larsson,SWE,R,193.0,2001-05-28,2003-01-13
Barry Cowan,barry cowan,GBR,L,188.0,2000-06-26,2002-06-24
Bob Bryan,bob bryan,USA,L,193.0,2000-08-28,2001-08-27
Davide Sanguinetti,davide sanguinetti,ITA,R,188.0,2000-01-17,2007-06-25
German Puentes,german puentes,ESP,R,173.0,2001-01-15,2001-08-27
Kenneth Carlsen,kenneth carlsen,DEN,L,190.0,2001-06-25,2006-05-29
Felix Mantilla,felix mantilla,ESP,R,180.0,2000-01-17,2005-08-29
Taylor Dent,taylor dent,USA,R,188.0,2000-06-26,2010-08-30
Jamie Delgado,jamie delgado,GBR,R,178.0,2000-01-17,2006-06-26
David Nalbandian,david nalbandian,ARG,R,180.0,2001-08-27,2012-06-25
George Bastl,george bastl,SUI,R,183.0,2000-01-17,2006-08-28
James Blake,james blake,USA,R,185.0,2001-08-27,2013-08-26
Bjorn Phau,bjorn phau,GER,R,175.0,2000-05-29,2013-01-14
Jack Brasington,jack brasington,USA,R,188.0,2001-08-27,2003-01-13
Ivan Ljubicic,ivan ljubicic,CRO,R,193.0,2000-01-17,2012-01-16
Robby Ginepri,robby ginepri,USA,R,183.0,2001-08-27,2014-05-26
Ramon Delgado,ramon delgado,PAR,R,185.0,2001-08-27,2010-06-21
Jean Francois Bachelot,jean francois bachelot,FRA,R,183.0,2002-01-14,2002-06-24
Alexandre Simoni,alexandre simoni,BRA,R,188.0,2001-08-27,2002-06-24
Mardy Fish,mardy fish,USA,R,188.0,2000-08-28,2015-08-31
Alex Kim,alex kim,USA,R,175.0,2000-08-28,2003-08-25
Sebastien De Chaunac,sebastien de chaunac,FRA,R,183.0,2001-08-27,2009-01-19
Feliciano Lopez,feliciano lopez,ESP,L,188.0,2001-05-28,2022-06-27
Amir Hadad,amir hadad,ISR,R,183.0,2002-05-27,2002-05-27
Jarkko Nieminen,jarkko nieminen,FIN,L,185.0,2002-01-14,2015-08-31
Irakli Labadze,irakli labadze,GEO,L,188.0,2002-01-14,2006-06-26
Paul Henri Mathieu,paul henri mathieu,FRA,R,185.0,2001-05-28,2017-05-29
Oleg Ogorodov,oleg ogorodov,UZB,R,193.0,2002-05-27,2002-05-27
Flavio Saretta,flavio saretta,BRA,R,183.0,2002-01-14,2006-08-28
Gregory Carraz,gregory carraz,FRA,R,190.0,2002-06-24,2005-01-17
Julian Knowle,julian knowle,AUT,L,188.0,2001-06-25,2004-06-21
Jeff Morrison,jeff morrison,USA,R,185.0,2002-06-24,2006-08-28
Jan Vacek,jan vacek,CZE,R,198.0,2001-06-25,2004-06-21
Mario Ancic,mario ancic,CRO,R,196.0,2002-06-24,2009-01-19
Scott Draper,scott draper,AUS,L,178.0,2000-01-17,2005-06-20
Radek Stepanek,radek stepanek,CZE,R,185.0,2002-06-24,2017-01-16
Alexander Waske,alexander waske,GER,R,188.0,2002-06-24,2007-08-27
Nicolas Thomann,nicolas thomann,FRA,R,183.0,2001-05-28,2002-06-24
Karol Beck,karol beck,SVK,R,180.0,2002-06-24,2012-08-27
Noam Okun,noam okun,ISR,R,185.0,2000-01-17,2006-08-28
Robin Soderling,robin soderling,SWE,R,193.0,2002-08-26,2011-06-20
John Van Lottum,john van lottum,NED,R,185.0,2000-01-17,2004-06-21
Dick Norman,dick norman,BEL,L,203.0,2002-08-26,2006-06-26
Gaston Etlis,gaston etlis,ARG,R,185.0,2002-08-26,2002-08-26
Jurgen Melzer,jurgen melzer,AUT,L,183.0,2000-06-26,2017-01-16
Todd Larkham,todd larkham,AUS,R,178.0,2002-01-14,2004-01-19
Vadim Kutsenko,vadim kutsenko,RUS,R,180.0,2003-01-13,2004-01-19
Joseph Sirianni,joseph sirianni,AUS,R,175.0,2000-01-17,2008-01-14
Jaymon Crabb,jaymon crabb,AUS,R,183.0,2002-01-14,2003-01-13
Peter Luczak,peter luczak,AUS,R,183.0,2003-01-13,2011-01-17
Renzo Furlan,renzo furlan,ITA,R,175.0,2003-01-13,2003-01-13
Olivier Mutis,olivier mutis,FRA,R,175.0,2003-05-26,2005-01-17
Julien Varlet,julien varlet,FRA,R,180.0,2002-05-27,2003-05-26
Victor Hanescu,victor hanescu,ROU,R,198.0,2003-05-26,2014-06-23
Luis Horna,luis horna,PER,R,180.0,2002-08-26,2008-08-25
Martin Verkerk,martin verkerk,NED,R,196.0,2002-08-26,2007-05-28
David Ferrer,david ferrer,ESP,R,175.0,2003-01-13,2018-08-27
Marc Lopez,marc lopez,ESP,R,175.0,2003-05-26,2008-05-25
Giorgio Galimberti,giorgio galimberti,ITA,R,180.0,2002-05-27,2005-08-29
Ivo Karlovic,ivo karlovic,CRO,R,208.0,2003-06-23,2021-08-30
Paul Baccanello,paul baccanello,AUS,R,183.0,2003-06-23,2005-01-17
Rafael Nadal,rafael nadal,ESP,L,185.0,2003-06-23,2024-05-27
Lee Childs,lee childs,GBR,R,,2001-06-25,2007-06-25
Brian Vahaly,brian vahaly,USA,R,183.0,2002-06-24,2004-01-19
Takao Suzuki,takao suzuki,JPN,R,175.0,2001-01-15,2005-01-17
Gilles Elseneer,gilles elseneer,BEL,R,188.0,2003-06-23,2005-08-29
Wesley Moodie,wesley moodie,RSA,R,196.0,2003-06-23,2006-08-28
Frederic Niemeyer,frederic niemeyer,CAN,R,190.0,2003-06-23,2003-06-23
Stefano Galvani,stefano galvani,ITA,R,178.0,2001-05-28,2010-05-24
Tomas Berdych,tomas berdych,CZE,R,196.0,2003-08-25,2019-08-26
Fernando Verdasco,fernando verdasco,ESP,L,188.0,2003-06-23,2022-08-29
Dmitry Tursunov,dmitry tursunov,RUS,R,185.0,2003-08-25,2017-08-28
Olivier Patience,olivier patience,FRA,R,180.0,2002-01-14,2010-05-24
Chris Guccione,chris guccione,AUS,L,201.0,2004-01-19,2009-08-31
Glenn Weiner,glenn weiner,USA,R,188.0,2004-01-19,2005-08-29
Joachim Johansson,joachim johansson,SWE,R,198.0,2003-01-13,2007-01-15
Filippo Volandri,filippo volandri,ITA,R,183.0,2003-05-26,2014-06-23
Florian Mayer,florian mayer,GER,R,190.0,2004-01-19,2018-08-27
Thierry Ascione,thierry ascione,FRA,R,188.0,2003-05-26,2008-06-23
Todd Reid,todd reid,AUS,R,180.0,2002-01-14,2005-01-17
Potito Starace,potito starace,ITA,R,188.0,2004-05-24,2014-05-26
Alejandro Falla,alejandro falla,COL,L,185.0,2004-05-24,2015-06-29
Igor Andreev,igor andreev,RUS,R,185.0,2004-01-19,2013-06-24
Julien Benneteau,julien benneteau,FRA,R,185.0,2002-05-27,2018-08-27
Daniel Elsner,daniel elsner,GER,R,183.0,2001-01-15,2004-08-30
Guillermo Garcia Lopez,guillermo garcia lopez,ESP,R,188.0,2004-05-24,2019-08-26
Juan Monaco,juan monaco,ARG,R,185.0,2004-05-24,2016-08-29
Jerome Haehnel,jerome haehnel,FRA,R,185.0,2004-05-24,2007-05-28
Julien Jeanpierre,julien jeanpierre,FRA,R,188.0,2004-05-24,2004-05-24
Yen Hsun Lu,yen hsun lu,TPE,R,180.0,2004-06-21,2021-06-28
Daniele Bracciali,daniele bracciali,ITA,R,180.0,2004-06-21,2007-05-28
Mark Hilton,mark hilton,GBR,L,170.0,2001-06-25,2004-06-21
Stefano Pescosolido,stefano pescosolido,ITA,R,185.0,2004-06-21,2004-06-21
Alexander Peya,alexander peya,AUT,R,183.0,2004-05-24,2009-06-22
Marcos Baghdatis,marcos baghdatis,CYP,R,183.0,2004-08-30,2019-07-01
Amer Delic,amer delic,BIH,R,196.0,2003-08-25,2009-01-19
Tuomas Ketola,tuomas ketola,FIN,R,185.0,2002-08-26,2005-06-20
Ricardo Mello,ricardo mello,BRA,L,175.0,2004-01-19,2012-08-27
Philipp Kohlschreiber,philipp kohlschreiber,GER,R,178.0,2003-08-25,2022-01-17
Andreas Seppi,andreas seppi,ITA,R,190.0,2004-08-30,2022-01-17
Tomas Zib,tomas zib,CZE,R,178.0,2000-01-17,2008-08-25
Peter Wessels,peter wessels,NED,R,196.0,2000-01-17,2005-08-29
Gael Monfils,gael monfils,FRA,R,193.0,2005-01-17,2024-08-26
Janko Tipsarevic,janko tipsarevic,SRB,R,180.0,2003-08-25,2019-08-26
Kevin Kim,kevin kim,USA,R,180.0,2000-08-28,2009-08-31
Santiago Ventura,santiago ventura,ESP,R,183.0,2005-01-17,2010-06-21
Bobby Reynolds,bobby reynolds,USA,R,183.0,2004-08-30,2013-06-24
Jan Hernych,jan hernych,CZE,R,190.0,2004-06-21,2015-01-19
Nathan Healey,nathan healey,AUS,R,180.0,2005-01-17,2006-05-29
Nicolas Almagro,nicolas almagro,ESP,R,183.0,2004-05-24,2017-08-28
Robin Vik,robin vik,CZE,R,183.0,2005-05-23,2006-08-28
Oscar Hernandez,oscar hernandez,ESP,R,180.0,2004-01-19,2010-06-21
Richard Gasquet,richard gasquet,FRA,R,185.0,2002-05-27,2024-05-27
Florent Serra,florent serra,FRA,R,180.0,2004-05-24,2013-08-26
Novak Djokovic,novak djokovic,SRB,R,188.0,2005-01-17,2024-08-26
Lukas Dlouhy,lukas dlouhy,CZE,R,185.0,2005-05-23,2008-01-14
Kristof Vliegen,kristof vliegen,BEL,R,193.0,2003-08-25,2010-08-30
Stan Wawrinka,stan wawrinka,SUI,R,183.0,2005-05-23,2024-08-26
Ivo Minar,ivo minar,CZE,R,183.0,2005-06-20,2009-06-22
Alessio Di Mauro,alessio di mauro,ITA,L,185.0,2005-06-20,2007-05-28
Danai Udomchoke,danai udomchoke,THA,R,173.0,2004-08-30,2012-01-16
David Sherwood,david sherwood,GBR,R,193.0,2005-06-20,2005-06-20
Andy Murray,andy murray,GBR,R,190.0,2005-06-20,2024-05-27
Gilles Muller,gilles muller,LUX,L,193.0,2004-01-19,2018-08-27
Michael Lammer,michael lammer,SUI,R,185.0,2005-08-29,2006-01-16
Paul Capdeville,paul capdeville,CHI,R,190.0,2005-08-29,2009-08-31
Brian Baker,brian baker,USA,R,190.0,2003-08-25,2016-08-29
Scoville Jenkins,scoville jenkins,USA,R,188.0,2004-08-30,2008-08-25
Boris Pashanski,boris pashanski,SRB,R,180.0,2006-01-16,2008-06-23
Alex Bogomolov Jr,alex bogomolov jr,RUS,R,178.0,2001-08-27,2014-01-13
Federico Luzzi,federico luzzi,ITA,R,188.0,2001-05-28,2006-01-16
Jean Christophe Faurel,jean christophe faurel,FRA,R,175.0,2006-01-16,2006-06-26
Jimmy Wang,jimmy wang,TPE,R,178.0,2004-06-21,2015-01-19
Gilles Simon,gilles simon,FRA,R,183.0,2005-05-23,2022-05-23
Denis Gremelmayr,denis gremelmayr,GER,L,183.0,2006-01-16,2011-06-20
Marc Gicquel,marc gicquel,FRA,R,188.0,2004-05-24,2013-06-24
Ilija Bozoljac,ilija bozoljac,SRB,R,193.0,2006-05-29,2010-06-21
Martin Vassallo Arguello,martin vassallo arguello,ARG,R,183.0,2002-05-27,2010-01-18
Evgeny Korolev,evgeny korolev,KAZ,R,185.0,2006-05-29,2010-08-30
Dieter Kindlmann,dieter kindlmann,GER,R,183.0,2005-01-17,2010-05-24
Jeremy Chardy,jeremy chardy,FRA,R,188.0,2006-05-29,2023-07-03
Ruben Ramirez Hidalgo,ruben ramirez hidalgo,ESP,R,183.0,2003-08-25,2013-01-14
Mathieu Montcourt,mathieu montcourt,FRA,R,183.0,2006-05-29,2009-05-25
Nicolas Mahut,nicolas mahut,FRA,R,190.0,2000-05-29,2019-05-27
Richard Bloomfield,richard bloomfield,GBR,R,185.0,2003-06-23,2007-06-25
Igor Kunitsyn,igor kunitsyn,RUS,R,180.0,2002-08-26,2012-06-25
Benjamin Becker,benjamin becker,GER,R,178.0,2006-06-26,2016-08-29
Roko Karanusic,roko karanusic,CRO,R,183.0,2003-08-25,2009-06-22
Melle Van Gemerden,melle van gemerden,NED,R,183.0,2005-01-17,2006-06-26
Robert Kendrick,robert kendrick,USA,R,190.0,2003-06-23,2011-05-22
Sam Querrey,sam querrey,USA,R,198.0,2006-08-28,2022-08-29
Teymuraz Gabashvili,teymuraz gabashvili,RUS,R,188.0,2006-08-28,2017-05-29
Ryan Sweeting,ryan sweeting,USA,R,196.0,2006-08-28,2012-06-25
Jan Hajek,jan hajek,CZE,R,180.0,2006-08-28,2014-01-13
Lukasz Kubot,lukasz kubot,POL,R,190.0,2006-08-28,2014-06-23
Thiago Alves,thiago alves,BRA,R,178.0,2006-08-28,2010-05-24
Marco Chiudinelli,marco chiudinelli,SUI,R,185.0,2006-08-28,2016-08-29
Zack Fleishman,zack fleishman,USA,R,188.0,2006-01-16,2007-06-25
Dudi Sela,dudi sela,ISR,R,175.0,2005-05-23,2018-07-02
Robert Smeets,robert smeets,AUS,L,188.0,2007-01-15,2008-08-25
Alex Kuznetsov,alex kuznetsov,USA,R,183.0,2006-08-28,2014-06-23
Mischa Zverev,mischa zverev,GER,L,190.0,2007-01-15,2019-07-01
Frank Dancevic,frank dancevic,CAN,R,185.0,2006-06-26,2014-08-25
Juan Martin del Potro,juan martin del potro,ARG,R,198.0,2006-05-29,2019-05-27
Carlos Berlocq,carlos berlocq,ARG,R,183.0,2006-01-16,2018-08-27
Konstantinos Economidis,konstantinos economidis,GRE,R,188.0,2002-06-24,2008-01-14
Ivan Navarro,ivan navarro,ESP,R,183.0,2004-06-21,2009-08-31
Simone Bolelli,simone bolelli,ITA,R,183.0,2007-05-28,2019-05-27
Edouard Roger Vasselin,edouard roger vasselin,FRA,R,188.0,2007-05-28,2010-05-24
Laurent Recouderc,laurent recouderc,FRA,R,178.0,2007-05-28,2010-05-24
Diego Hartfield,diego hartfield,ARG,R,185.0,2006-05-29,2008-01-14
Juan Pablo Brzezicki,juan pablo brzezicki,ARG,R,178.0,2005-05-23,2009-08-31
Ernests Gulbis,ernests gulbis,LAT,R,190.0,2007-05-28,2020-01-20
Flavio Cipolla,flavio cipolla,ITA,R,173.0,2007-05-28,2013-01-14
Aisam Ul Haq Qureshi,aisam ul haq qureshi,PAK,R,183.0,2007-06-25,2008-08-25
Michael Berrer,michael berrer,GER,L,193.0,2006-06-26,2015-08-31
Jo-Wilfried Tsonga,jo-wilfried tsonga,FRA,R,188.0,2005-05-23,2022-05-23
Nicolas Devilder,nicolas devilder,FRA,L,173.0,2007-01-15,2012-05-27
Rik De Voest,rik de voest,RSA,R,180.0,2007-06-25,2012-01-16
John Isner,john isner,USA,R,206.0,2007-08-27,2023-08-28
Donald Young,donald young,USA,L,183.0,2005-08-29,2018-08-27
Philipp Petzschner,philipp petzschner,GER,R,185.0,2007-08-27,2013-08-26
Wayne Odesnik,wayne odesnik,USA,L,180.0,2004-08-30,2014-08-25
Robin Haase,robin haase,NED,R,190.0,2007-08-27,2021-02-08
Marin Cilic,marin cilic,CRO,R,198.0,2007-01-15,2024-01-15
Denis Istomin,denis istomin,UZB,R,188.0,2006-01-16,2021-05-31
Alun Jones,alun jones,AUS,R,180.0,2001-01-15,2008-01-14
Sam Warburg,sam warburg,USA,R,190.0,2007-06-25,2008-08-25
Jesse Levine,jesse levine,CAN,L,175.0,2007-08-27,2013-06-24
David Marrero,david marrero,ESP,R,185.0,2008-05-25,2008-05-25
Pablo Andujar,pablo andujar,ESP,R,180.0,2008-05-25,2022-06-27
Diego Junqueira,diego junqueira,ARG,L,178.0,2008-05-25,2011-08-29
Marcos Daniel,marcos daniel,BRA,R,180.0,2003-01-13,2011-01-17
Eduardo Schwank,eduardo schwank,ARG,R,183.0,2008-05-25,2012-05-27
Marcel Granollers,marcel granollers,ESP,R,190.0,2006-06-26,2019-08-26
Miguel Angel Lopez Jaen,miguel angel lopez jaen,ESP,R,188.0,2008-05-25,2008-05-25
Sebastian Decoud,sebastian decoud,ARG,L,178.0,2008-05-25,2008-05-25
Maximo Gonzalez,maximo gonzalez,ARG,R,175.0,2008-05-25,2015-05-24
Thomaz Bellucci,thomaz bellucci,BRA,L,188.0,2008-05-25,2018-05-28
Simon Stadler,simon stadler,GER,L,183.0,2006-06-26,2011-01-17
Chris Eaton,chris eaton,GBR,R,188.0,2008-06-23,2008-06-23
Viktor Troicki,viktor troicki,SRB,R,193.0,2008-01-14,2021-02-08
Ryler Deheart,ryler deheart,USA,L,183.0,2008-08-25,2008-08-25
Steve Darcis,steve darcis,BEL,R,178.0,2007-08-27,2019-08-26
Andrey Golubev,andrey golubev,KAZ,R,185.0,2008-08-25,2015-05-24
Andreas Beck,andreas beck,GER,L,190.0,2008-06-23,2014-08-25
Kei Nishikori,kei nishikori,JPN,R,178.0,2008-06-23,2024-07-01
Rui Machado,rui machado,POR,R,178.0,2008-08-25,2012-08-27
Fabio Fognini,fabio fognini,ITA,R,178.0,2007-05-28,2024-08-26
Bernard Tomic,bernard tomic,AUS,R,193.0,2009-01-19,2021-02-08
Brydan Klein,brydan klein,AUS,R,183.0,2008-01-14,2017-07-03
Brian Dabul,brian dabul,ARG,L,170.0,2008-06-23,2011-05-22
Josselin Ouanna,josselin ouanna,FRA,R,193.0,2008-05-25,2013-01-14
Daniel Gimeno Traver,daniel gimeno traver,ESP,R,185.0,2005-05-23,2016-01-18
Sergiy Stakhovsky,sergiy stakhovsky,UKR,R,193.0,2008-06-23,2021-02-08
Guillaume Rufin,guillaume rufin,FRA,R,188.0,2009-05-25,2013-08-26
Victor Crivoi,victor crivoi,ROU,R,185.0,2008-05-25,2009-08-31
Leonardo Mayer,leonardo mayer,ARG,R,188.0,2009-05-25,2020-08-31
Pablo Cuevas,pablo cuevas,URU,R,180.0,2007-08-27,2022-05-23
Simon Greul,simon greul,GER,R,185.0,2006-06-26,2011-01-17
Carsten Ball,carsten ball,AUS,L,198.0,2008-08-25,2011-01-17
Jesse Witten,jesse witten,USA,R,178.0,2006-08-28,2010-06-21
Somdev Devvarman,somdev devvarman,IND,R,180.0,2009-08-31,2014-06-23
Marsel Ilhan,marsel ilhan,TUR,R,190.0,2009-08-31,2016-05-23
Horacio Zeballos,horacio zeballos,ARG,L,188.0,2009-08-31,2018-07-02
Daniel Koellerer,daniel koellerer,AUT,R,180.0,2009-05-25,2010-05-24
Stephane Robert,stephane robert,FRA,R,185.0,2004-05-24,2018-07-02
Ivan Sergeyev,ivan sergeyev,UKR,R,175.0,2010-01-18,2010-01-18
Ivan Dodig,ivan dodig,CRO,R,183.0,2010-01-18,2017-01-16
Illya Marchenko,illya marchenko,UKR,R,185.0,2010-01-18,2017-07-03
Santiago Giraldo,santiago giraldo,COL,R,188.0,2007-05-28,2019-08-26
Louk Sorensen,louk sorensen,IRL,R,175.0,2010-01-18,2011-08-29
Antonio Veic,antonio veic,CRO,R,180.0,2010-01-18,2011-05-22
Lukas Lacko,lukas lacko,SVK,R,185.0,2007-01-15,2018-08-27
Julian Reister,julian reister,GER,R,188.0,2010-05-24,2014-06-23
Tobias Kamke,tobias kamke,GER,R,180.0,2008-06-23,2019-08-26
Thiemo De Bakker,thiemo de bakker,NED,R,193.0,2007-06-25,2016-05-23
Blaz Kavcic,blaz kavcic,SLO,R,188.0,2010-01-18,2018-01-15
Grega Zemlja,grega zemlja,SLO,R,183.0,2009-06-22,2013-08-26
Pere Riba,pere riba,ESP,R,183.0,2010-05-24,2014-08-25
Yuri Schukin,yuri schukin,KAZ,R,188.0,2001-01-15,2010-05-24
Alexandr Dolgopolov,alexandr dolgopolov,UKR,R,180.0,2010-05-24,2018-01-15
Ricardas Berankis,ricardas berankis,LTU,R,175.0,2010-06-21,2022-06-27
Daniel Brands,daniel brands,GER,R,196.0,2008-05-25,2017-07-03
Brendan Evans,brendan evans,USA,R,188.0,2008-08-25,2010-06-21
Michal Przysiezny,michal przysiezny,POL,R,185.0,2007-08-27,2014-06-23
Martin Fischer,martin fischer,AUT,R,180.0,2010-05-24,2011-06-20
Benoit Paire,benoit paire,FRA,R,196.0,2010-05-24,2023-05-29
Ryan Harrison,ryan harrison,USA,R,183.0,2010-01-18,2019-01-14
Adrian Mannarino,adrian mannarino,FRA,L,183.0,2008-05-25,2024-08-26
Dustin Brown,dustin brown,GER,R,196.0,2010-06-21,2018-01-15
Kevin Anderson,kevin anderson,RSA,R,203.0,2008-01-14,2022-01-17
Peter Polansky,peter polansky,CAN,R,180.0,2009-01-19,2018-08-27
Bernard Tomic,bernard tomic,AUS,R,196.0,2009-01-19,2021-02-08
John Isner,john isner,USA,R,208.0,2007-08-27,2023-08-28
Milos Raonic,milos raonic,CAN,R,196.0,2010-08-30,2024-01-15
Andy Murray,andy murray,GBR,R,191.0,2005-06-20,2024-05-27
Adrian Mannarino,adrian mannarino,FRA,L,180.0,2008-05-25,2024-08-26
Richard Gasquet,richard gasquet,FRA,R,183.0,2002-05-27,2024-05-27
Nicolas Mahut,nicolas mahut,FRA,R,191.0,2000-05-29,2019-05-27
Robin Haase,robin haase,NED,R,191.0,2007-08-27,2021-02-08
Grigor Dimitrov,grigor dimitrov,BUL,R,191.0,2009-06-22,2024-08-26
Frederico Gil,frederico gil,POR,R,173.0,2008-05-25,2012-01-16
Lukasz Kubot,lukasz kubot,POL,R,191.0,2006-08-28,2014-06-23
Albert Ramos,albert ramos,ESP,L,188.0,2011-05-22,2024-08-26
Andreas Haider Maurer,andreas haider maurer,AUT,R,190.0,2010-08-30,2018-05-28
Lukas Rosol,lukas rosol,CZE,R,193.0,2010-08-30,2022-06-27
Thomas Schoorel,thomas schoorel,NED,L,203.0,2011-05-22,2011-05-22
Maxime Teixeira,maxime teixeira,FRA,R,188.0,2011-05-22,2013-05-27
Marsel Ilhan,marsel ilhan,TUR,R,191.0,2009-08-31,2016-05-23
Mikhail Kukushkin,mikhail kukushkin,KAZ,R,183.0,2010-08-30,2024-05-27
Marcel Granollers,marcel granollers,ESP,R,191.0,2006-06-26,2019-08-26
Denis Istomin,denis istomin,UZB,R,185.0,2006-01-16,2021-05-31
Ryan Harrison,ryan harrison,USA,R,185.0,2010-01-18,2019-01-14
Sergei Bubka,sergei bubka,UKR,R,188.0,2011-08-29,2011-08-29
Malek Jaziri,malek jaziri,TUN,R,185.0,2011-08-29,2019-07-01
Rogerio Dutra Silva,rogerio dutra silva,BRA,R,178.0,2011-08-29,2018-05-28
Vasek Pospisil,vasek pospisil,CAN,R,193.0,2011-08-29,2023-01-16
Jack Sock,jack sock,USA,R,191.0,2010-08-30,2022-08-29
Tatsuma Ito,tatsuma ito,JPN,R,180.0,2011-08-29,2020-01-20
James Duckworth,james duckworth,AUS,R,183.0,2012-01-16,2024-08-26
Andrey Golubev,andrey golubev,KAZ,R,180.0,2008-08-25,2015-05-24
Edouard Roger-Vasselin,edouard roger-vasselin,FRA,R,185.0,2008-01-14,2016-06-27
Matthew Ebden,matthew ebden,AUS,R,188.0,2010-01-18,2019-07-01
Cedrik Marcel Stebe,cedrik marcel stebe,GER,L,183.0,2011-06-20,2021-02-08
Adrian Ungur,adrian ungur,ROU,R,178.0,2012-05-27,2016-05-23
Martin Klizan,martin klizan,SVK,L,191.0,2010-08-30,2019-08-26
David Goffin,david goffin,BEL,R,180.0,2012-05-27,2024-08-26
Ruben Bemelmans,ruben bemelmans,BEL,L,183.0,2011-06-20,2019-07-01
Jerzy Janowicz,jerzy janowicz,POL,R,203.0,2012-06-25,2017-07-03
Inigo Cervantes Huegun,inigo cervantes huegun,ESP,R,180.0,2012-06-25,2016-08-29
Kenny De Schepper,kenny de schepper,FRA,L,203.0,2011-06-20,2016-05-23
Go Soeda,go soeda,JPN,R,178.0,2007-01-15,2020-08-31
James Ward,james ward,GBR,R,190.0,2009-06-22,2019-07-01
Jurgen Zopp,jurgen zopp,EST,R,190.0,2012-01-16,2018-05-28
Tim Smyczek,tim smyczek,USA,R,175.0,2010-08-30,2018-08-27
Bradley Klahn,bradley klahn,USA,L,183.0,2010-08-30,2020-08-31
Steve Johnson,steve johnson,USA,R,188.0,2011-08-29,2023-08-28
Igor Sijsling,igor sijsling,NED,R,191.0,2011-06-20,2016-06-27
Dennis Novikov,dennis novikov,USA,R,193.0,2012-08-27,2016-06-27
Andrey Kuznetsov,andrey kuznetsov,RUS,R,183.0,2010-06-21,2022-05-23
Roberto Bautista Agut,roberto bautista agut,ESP,R,183.0,2012-01-16,2024-08-26
Evgeny Donskoy,evgeny donskoy,RUS,R,185.0,2013-01-14,2021-08-30
Rajeev Ram,rajeev ram,USA,R,193.0,2004-08-30,2016-08-29
Joao Sousa,joao sousa,POR,R,185.0,2012-05-27,2023-01-16
Amir Weintraub,amir weintraub,ISR,R,188.0,2013-01-14,2013-01-14
Guido Pella,guido pella,ARG,L,183.0,2012-08-27,2023-08-28
Lucas Pouille,lucas pouille,FRA,R,185.0,2013-05-27,2024-07-01
Federico Delbonis,federico delbonis,ARG,L,193.0,2013-05-27,2022-08-29
Nick Kyrgios,nick kyrgios,AUS,R,193.0,2013-05-27,2022-08-29
Jan Lennard Struff,jan lennard struff,GER,R,193.0,2013-05-27,2024-08-26
Denis Kudla,denis kudla,USA,R,180.0,2012-01-16,2023-01-16
Dustin Brown,dustin brown,JAM,R,196.0,2010-06-21,2018-01-15
Peter Gojowczyk,peter gojowczyk,GER,R,188.0,2012-01-16,2022-08-29
Maximo Gonzalez,maximo gonzalez,ARG,R,173.0,2008-05-25,2015-05-24
Daniel Evans,daniel evans,GBR,R,175.0,2009-06-22,2024-08-26
Thanasi Kokkinakis,thanasi kokkinakis,AUS,R,193.0,2014-01-13,2024-08-26
Dusan Lajovic,dusan lajovic,SRB,R,183.0,2014-01-13,2024-08-26
Vincent Millot,vincent millot,FRA,L,173.0,2011-01-17,2017-08-28
Blaz Rola,blaz rola,SLO,L,193.0,2014-01-13,2019-05-27
Teymuraz Gabashvili,teymuraz gabashvili,RUS,R,185.0,2006-08-28,2017-05-29
Damir Dzumhur,damir dzumhur,BIH,R,175.0,2014-01-13,2022-01-17
Dominic Thiem,dominic thiem,AUT,R,185.0,2014-01-13,2024-08-26
Axel Michon,axel michon,FRA,L,176.0,2014-05-26,2014-05-26
Marinko Matosevic,marinko matosevic,AUS,R,194.0,2010-01-18,2015-06-29
Aleksandr Nedovyesov,aleksandr nedovyesov,KAZ,R,188.0,2014-01-13,2015-08-31
Facundo Bagnis,facundo bagnis,ARG,L,183.0,2014-05-26,2023-01-16
Diego Schwartzman,diego schwartzman,ARG,R,170.0,2014-05-26,2024-08-26
Jiri Vesely,jiri vesely,CZE,L,198.0,2013-05-27,2024-01-15
Alejandro Gonzalez,alejandro gonzalez,COL,R,190.0,2014-01-13,2015-08-31
Tim Puetz,tim puetz,GER,R,185.0,2014-06-23,2015-01-19
Luke Saville,luke saville,AUS,R,188.0,2013-01-14,2016-06-27
Ante Pavic,ante pavic,CRO,R,196.0,2014-05-26,2014-06-23
Pablo Carreno Busta,pablo carreno busta,ESP,R,188.0,2013-05-27,2024-08-26
Matthias Bachinger,matthias bachinger,GER,R,188.0,2011-06-20,2018-01-15
Borna Coric,borna coric,CRO,R,188.0,2014-08-25,2024-08-26
Victor Estrella,victor estrella,DOM,R,173.0,2014-05-26,2018-01-15
Alexander Kudryavtsev,alexander kudryavtsev,RUS,R,183.0,2012-01-16,2016-06-27
Paolo Lorenzi,paolo lorenzi,ITA,R,183.0,2010-01-18,2020-08-31
Sam Groth,sam groth,AUS,R,193.0,2009-01-19,2017-01-16
Marius Copil,marius copil,ROU,R,191.0,2015-01-19,2019-08-26
Kyle Edmund,kyle edmund,GBR,R,188.0,2013-06-24,2023-01-16
Andrea Arnaboldi,andrea arnaboldi,ITA,L,180.0,2014-05-26,2019-07-01
Pierre Hugues Herbert,pierre hugues herbert,FRA,R,188.0,2014-05-26,2024-05-27
Alexander Zverev,alexander zverev,GER,R,198.0,2015-06-29,2024-08-26
John Millman,john millman,AUS,R,183.0,2013-01-14,2023-01-16
Liam Broady,liam broady,GBR,L,183.0,2015-06-29,2024-07-01
Aljaz Bedene,aljaz bedene,SLO,R,181.0,2013-01-14,2022-08-29
Nikoloz Basilashvili,nikoloz basilashvili,GEO,R,185.0,2015-05-24,2023-01-16
Filip Krajinovic,filip krajinovic,SRB,R,185.0,2012-05-27,2023-05-29
Hyeon Chung,hyeon chung,KOR,R,188.0,2015-06-29,2019-08-26
Austin Krajicek,austin krajicek,USA,L,188.0,2008-08-25,2016-01-18
Yoshihito Nishioka,yoshihito nishioka,JPN,L,170.0,2014-08-25,2024-08-26
Quentin Halys,quentin halys,FRA,R,191.0,2015-05-24,2024-08-26
Renzo Olivo,renzo olivo,ARG,R,178.0,2016-01-18,2017-07-03
Omar Jasika,omar jasika,AUS,L,183.0,2016-01-18,2024-01-15
Noah Rubin,noah rubin,USA,R,175.0,2014-08-25,2019-07-01
Marco Trungelliti,marco trungelliti,ARG,R,178.0,2016-01-18,2022-01-17
Mirza Basic,mirza basic,BIH,R,188.0,2016-01-18,2019-01-14
Andrej Martin,andrej martin,SVK,R,183.0,2013-08-26,2021-05-31
Adam Pavlasek,adam pavlasek,CZE,R,185.0,2016-05-23,2018-05-28
Taro Daniel,taro daniel,JPN,R,191.0,2014-08-25,2024-08-26
Bjorn Fratangelo,bjorn fratangelo,USA,R,183.0,2015-08-31,2022-05-23
Jordan Thompson,jordan thompson,AUS,R,183.0,2014-01-13,2024-08-26
Mathias Bourgue,mathias bourgue,FRA,R,188.0,2016-05-23,2021-05-31
Marcus Willis,marcus willis,GBR,L,191.0,2016-06-27,2016-06-27
Radu Albot,radu albot,MDA,R,175.0,2014-08-25,2024-08-26
Matthew Barton,matthew barton,AUS,R,191.0,2016-06-27,2016-06-27
Ernesto Escobedo,ernesto escobedo,MEX,R,185.0,2016-08-29,2023-01-16
Jan Satral,jan satral,CZE,R,185.0,2016-08-29,2016-08-29
Alessandro Giannessi,alessandro giannessi,ITA,L,185.0,2016-08-29,2022-05-23
Karen Khachanov,karen khachanov,RUS,R,198.0,2016-08-29,2024-08-26
Jared Donaldson,jared donaldson,USA,R,188.0,2014-08-25,2018-07-02
Andrey Rublev,andrey rublev,RUS,R,188.0,2015-08-31,2024-08-26
Alex De Minaur,alex de minaur,AUS,R,183.0,2017-01-16,2024-08-26
Alexander Bublik,alexander bublik,KAZ,R,196.0,2017-01-16,2024-08-26
Frances Tiafoe,frances tiafoe,USA,R,188.0,2015-05-24,2024-08-26
Andrew Whittington,andrew whittington,AUS,R,188.0,2017-01-16,2017-07-03
Nicolas Kicker,nicolas kicker,ARG,R,178.0,2017-05-29,2018-01-15
Thiago Monteiro,thiago monteiro,BRA,L,183.0,2017-01-16,2024-08-26
Konstantin Kravchuk,konstantin kravchuk,RUS,R,190.0,2014-06-23,2017-05-29
Benjamin Bonzi,benjamin bonzi,FRA,R,183.0,2017-05-29,2024-01-15
Stefano Napolitano,stefano napolitano,ITA,R,196.0,2017-05-29,2017-05-29
Daniil Medvedev,daniil medvedev,RUS,R,198.0,2017-01-16,2024-08-26
Sebastian Ofner,sebastian ofner,AUT,R,191.0,2017-07-03,2024-08-26
Yuichi Sugita,yuichi sugita,JPN,R,173.0,2014-06-23,2021-08-30
Stefano Travaglia,stefano travaglia,ITA,R,185.0,2017-07-03,2023-08-28
Adrian Menendez Maceiras,adrian menendez maceiras,ESP,R,185.0,2012-06-25,2017-08-28
Taylor Fritz,taylor fritz,USA,R,196.0,2016-01-18,2024-08-26
Thomas Fabbiano,thomas fabbiano,ITA,R,173.0,2013-08-26,2019-08-26
Denis Shapovalov,denis shapovalov,CAN,L,185.0,2017-07-03,2024-08-26
Cameron Norrie,cameron norrie,GBR,L,188.0,2017-07-03,2024-07-01
Casper Ruud,casper ruud,NOR,R,183.0,2018-01-15,2024-08-26
Mackenzie Mcdonald,mackenzie mcdonald,USA,R,178.0,2016-08-29,2024-08-26
Maximilian Marterer,maximilian marterer,GER,L,188.0,2017-08-28,2024-08-26
Tennys Sandgren,tennys sandgren,USA,R,188.0,2017-05-29,2021-08-30
Marton Fucsovics,marton fucsovics,HUN,R,188.0,2016-08-29,2024-08-26
Lorenzo Sonego,lorenzo sonego,ITA,R,191.0,2018-01-15,2024-08-26
Hubert Hurkacz,hubert hurkacz,POL,R,196.0,2018-05-28,2024-08-26
Elias Ymer,elias ymer,SWE,R,185.0,2015-01-19,2024-07-01
Corentin Moutet,corentin moutet,FRA,L,180.0,2018-01-15,2024-08-26
Marco Cecchinato,marco cecchinato,ITA,R,185.0,2015-08-31,2023-08-28
Jaume Munar,jaume munar,ESP,R,183.0,2018-01-15,2024-08-26
Guido Andreozzi,guido andreozzi,ARG,R,183.0,2012-08-27,2019-07-01
Stefanos Tsitsipas,stefanos tsitsipas,GRE,R,193.0,2017-05-29,2024-08-26
Matteo Berrettini,matteo berrettini,ITA,R,196.0,2018-01-15,2024-08-26
Nicolas Jarry,nicolas jarry,CHI,R,201.0,2017-05-29,2024-08-26
Dennis Novak,dennis novak,AUT,R,183.0,2018-01-15,2023-07-03
Jason Kubler,jason kubler,AUS,R,178.0,2010-01-18,2024-01-15
Roberto Carballes Baena,roberto carballes baena,ESP,R,183.0,2016-05-23,2024-08-26
Ugo Humbert,ugo humbert,FRA,L,188.0,2018-08-27,2024-08-26
Laslo Djere,laslo djere,SRB,R,188.0,2016-05-23,2024-08-26
Ilya Ivashka,ilya ivashka,BLR,R,193.0,2016-08-29,2023-08-28
Alex Bolt,alex bolt,AUS,L,183.0,2017-01-16,2024-07-01
Alexei Popyrin,alexei popyrin,AUS,R,196.0,2018-01-15,2024-08-26
Reilly Opelka,reilly opelka,USA,R,211.0,2017-01-16,2024-08-26
Henri Laaksonen,henri laaksonen,SUI,R,185.0,2017-07-03,2022-06-27
Salvatore Caruso,salvatore caruso,ITA,R,185.0,2018-01-15,2022-01-17
Lloyd Harris,lloyd harris,RSA,R,193.0,2018-08-27,2024-07-01
Elliot Benchetrit,elliot benchetrit,MAR,R,193.0,2018-05-28,2020-09-28
Mikael Ymer,mikael ymer,SWE,R,183.0,2019-05-27,2023-07-03
Antoine Hoang,antoine hoang,FRA,R,183.0,2019-05-27,2021-08-30
Gregoire Barrere,gregoire barrere,FRA,R,183.0,2016-05-23,2024-05-27
Hugo Dellien,hugo dellien,BOL,R,180.0,2019-05-27,2023-08-28
Cristian Garin,cristian garin,CHI,R,185.0,2017-07-03,2024-07-01
Oscar Otte,oscar otte,GER,R,193.0,2018-05-28,2023-07-03
Juan Ignacio Londero,juan ignacio londero,ARG,R,180.0,2019-05-27,2022-05-23
Miomir Kecmanovic,miomir kecmanovic,SRB,R,183.0,2019-01-14,2024-08-26
Yannick Maden,yannick maden,GER,R,185.0,2018-07-02,2019-05-27
Felix Auger Aliassime,felix auger aliassime,CAN,R,193.0,2018-08-27,2024-08-26
Dominik Koepfer,dominik koepfer,GER,L,180.0,2019-07-01,2024-08-26
Jay Clarke,jay clarke,GBR,R,183.0,2018-07-02,2022-06-27
Jenson Brooksby,jenson brooksby,USA,R,188.0,2018-08-27,2023-01-16
Kamil Majchrzak,kamil majchrzak,POL,R,180.0,2019-01-14,2022-08-29
Egor Gerasimov,egor gerasimov,BLR,R,196.0,2019-08-26,2022-01-17
Pedro Martinez,pedro martinez,ESP,R,185.0,2019-05-27,2024-08-26
Alejandro Tabilo,alejandro tabilo,CHI,L,188.0,2020-01-20,2024-08-26
Jannik Sinner,jannik sinner,ITA,R,191.0,2019-08-26,2024-08-26
Tommy Paul,tommy paul,USA,R,185.0,2015-08-31,2024-08-26
Michael Mmoh,michael mmoh,USA,R,188.0,2016-08-29,2023-08-28
Alejandro Davidovich Fokina,alejandro davidovich fokina,ESP,R,183.0,2019-05-27,2024-08-26
Marc Polmans,marc polmans,AUS,R,188.0,2019-01-14,2024-01-15
Mitchell Krueger,mitchell krueger,USA,R,188.0,2018-08-27,2024-08-26
Soon Woo Kwon,soon woo kwon,KOR,R,180.0,2018-01-15,2024-08-26
Marcos Giron,marcos giron,USA,R,180.0,2014-08-25,2024-08-26
Maxime Cressy,maxime cressy,USA,R,201.0,2020-08-31,2023-07-03
Federico Coria,federico coria,ARG,R,180.0,2020-08-31,2024-08-26
Brandon Nakashima,brandon nakashima,USA,R,188.0,2020-08-31,2024-08-26
Emil Ruusuvuori,emil ruusuvuori,FIN,R,188.0,2020-08-31,2024-07-01
J J Wolf,j j wolf,USA,R,183.0,2020-08-31,2024-05-27
Christopher Oconnell,christopher oconnell,AUS,R,183.0,2017-01-16,2024-08-26
Norbert Gombos,norbert gombos,SVK,R,193.0,2017-07-03,2022-08-29
Sumit Nagal,sumit nagal,IND,R,178.0,2019-08-26,2024-08-26
Daniel Elahi Galan,daniel elahi galan,COL,R,191.0,2020-01-20,2024-07-01
Attila Balazs,attila balazs,HUN,R,180.0,2020-08-31,2023-08-28
Daniel Altmaier,daniel altmaier,GER,R,188.0,2020-09-28,2024-08-26
Nikola Milojevic,nikola milojevic,SRB,R,188.0,2020-09-28,2022-01-17
Jurij Rodionov,jurij rodionov,AUT,L,191.0,2020-09-28,2023-05-29
Lorenzo Giustino,lorenzo giustino,ITA,R,180.0,2020-01-20,2020-09-28
Hugo Gaston,hugo gaston,FRA,L,173.0,2020-01-20,2024-08-26
Sebastian Korda,sebastian korda,USA,R,196.0,2020-08-31,2024-08-26
Aslan Karatsev,aslan karatsev,RUS,R,185.0,2021-02-08,2024-07-01
Alexandre Muller,alexandre muller,FRA,R,183.0,2017-05-29,2024-08-26
Carlos Alcaraz,carlos alcaraz,ESP,R,183.0,2021-02-08,2024-08-26
Tomas Machac,tomas machac,CZE,R,183.0,2020-09-28,2024-08-26
Roman Safiullin,roman safiullin,RUS,R,185.0,2021-02-08,2024-08-26
Lorenzo Musetti,lorenzo musetti,ITA,R,185.0,2021-05-31,2024-08-26
Gianluca Mager,gianluca mager,ITA,R,188.0,2020-08-31,2022-01-17
Botic Van De Zandschulp,botic van de zandschulp,NED,R,191.0,2021-02-08,2024-08-26
Enzo Couacaud,enzo couacaud,FRA,R,183.0,2021-05-31,2023-08-28
Tallon Griekspoor,tallon griekspoor,NED,R,188.0,2020-01-20,2024-08-26
Zachary Svajda,zachary svajda,USA,R,175.0,2019-08-26,2024-08-26
Bernabe Zapata Miralles,bernabe zapata miralles,ESP,R,183.0,2021-05-31,2024-01-15
Arthur Rinderknech,arthur rinderknech,FRA,R,196.0,2020-09-28,2024-08-26
Alex Molcan,alex molcan,SVK,L,178.0,2021-08-30,2023-08-28
Stefan Kozlov,stefan kozlov,USA,R,183.0,2022-01-17,2022-08-29
Aleksandar Vukic,aleksandar vukic,AUS,R,188.0,2020-09-28,2024-08-26
Yannick Hanfmann,yannick hanfmann,GER,R,193.0,2018-08-27,2024-07-01
Sebastian Baez,sebastian baez,ARG,R,170.0,2022-01-17,2024-08-26
Camilo Ugo Carabelli,camilo ugo carabelli,ARG,R,185.0,2022-05-23,2024-08-26
Borna Gojo,borna gojo,CRO,R,196.0,2022-05-23,2023-08-28
Holger Rune,holger rune,DEN,R,188.0,2021-08-30,2024-08-26
Pedro Cachin,pedro cachin,ARG,R,185.0,2022-05-23,2024-05-27
Zdenek Kolar,zdenek kolar,CZE,R,183.0,2022-05-23,2022-06-27
Tim Van Rijthoven,tim van rijthoven,NED,R,188.0,2022-06-27,2022-08-29
Christian Harrison,christian harrison,USA,R,180.0,2016-08-29,2022-06-27
Ryan Peniston,ryan peniston,GBR,L,180.0,2022-06-27,2023-07-03
Hugo Grenier,hugo grenier,FRA,R,196.0,2022-06-27,2024-08-26
Jack Draper,jack draper,GBR,L,193.0,2021-06-28,2024-08-26
Alastair Gray,alastair gray,GBR,R,193.0,2022-06-27,2022-06-27
Nuno Borges,nuno borges,POR,R,185.0,2022-05-23,2024-08-26
Yibing Wu,yibing wu,CHN,R,183.0,2022-08-29,2023-08-28
Emilio Nava,emilio nava,USA,R,185.0,2021-08-30,2023-08-28
Brandon Holt,brandon holt,USA,R,185.0,2022-08-29,2023-01-16
Gijs Brouwer,gijs brouwer,NED,L,191.0,2022-08-29,2023-07-03
Christopher Eubanks,christopher eubanks,USA,R,201.0,2017-08-28,2024-08-26
Dalibor Svrcina,dalibor svrcina,CZE,R,178.0,2023-01-16,2023-01-16
Juncheng Shang,juncheng shang,CHN,L,180.0,2023-01-16,2024-08-26
Yosuke Watanuki,yosuke watanuki,JPN,R,180.0,2023-01-16,2024-01-15
Rinky Hijikata,rinky hijikata,AUS,R,178.0,2022-08-29,2024-08-26
Tomas Martin Etcheverry,tomas martin etcheverry,ARG,R,196.0,2022-01-17,2024-08-26
Constant Lestienne,constant lestienne,FRA,R,180.0,2023-01-16,2024-08-26
Jiri Lehecka,jiri lehecka,CZE,R,185.0,2022-01-17,2024-08-26
Francisco Cerundolo,francisco cerundolo,ARG,R,185.0,2021-05-31,2024-08-26
Ben Shelton,ben shelton,USA,L,193.0,2022-08-29,2024-08-26
Matteo Arnaldi,matteo arnaldi,ITA,R,185.0,2023-05-29,2024-08-26
Alexander Shevchenko,alexander shevchenko,KAZ,R,185.0,2023-05-29,2024-08-26
Luca Van Assche,luca van assche,FRA,R,178.0,2023-01-16,2024-07-01
Juan Pablo Varillas,juan pablo varillas,PER,R,185.0,2022-05-23,2024-01-15
Genaro Alberto Olivieri,genaro alberto olivieri,ARG,R,175.0,2023-05-29,2023-05-29
Andrea Vavassori,andrea vavassori,ITA,R,193.0,2022-06-27,2023-05-29
Thiago Agustin Tirante,thiago agustin tirante,ARG,R,185.0,2023-05-29,2024-05-27
Zhizhen Zhang,zhizhen zhang,CHN,R,193.0,2021-06-28,2024-08-26
Giulio Zeppieri,giulio zeppieri,ITA,L,183.0,2022-05-23,2024-05-27
Max Purcell,max purcell,AUS,R,185.0,2020-01-20,2024-08-26
Thiago Seyboth Wild,thiago seyboth wild,BRA,R,185.0,2020-08-31,2024-08-26
Dominic Stricker,dominic stricker,SUI,L,183.0,2023-05-29,2024-08-26
Harold Mayot,harold mayot,FRA,R,180.0,2020-09-28,2024-05-27
Tomas Barrios Vera,tomas barrios vera,CHI,R,191.0,2021-06-28,2023-07-03
Jan Choinski,jan choinski,GBR,R,196.0,2023-07-03,2024-08-26
Arthur Fils,arthur fils,FRA,R,185.0,2023-05-29,2024-08-26
Yu Hsiou Hsu,yu hsiou hsu,TPE,R,178.0,2023-01-16,2023-08-28
Felipe Meligeni Alves,felipe meligeni alves,BRA,R,185.0,2023-08-28,2024-07-01
Alex Michelsen,alex michelsen,USA,R,193.0,2023-08-28,2024-08-26
Fabian Marozsan,fabian marozsan,HUN,R,193.0,2023-07-03,2024-08-26
Juan Manuel Cerundolo,juan manuel cerundolo,ARG,L,183.0,2022-01-17,2023-08-28
Titouan Droguet,titouan droguet,FRA,R,191.0,2023-08-28,2023-08-28
Jakub Mensik,jakub mensik,CZE,R,193.0,2023-08-28,2024-08-26
Jesper De Jong,jesper de jong,NED,R,180.0,2024-01-15,2024-05-27
Aleksandar Kovacevic,aleksandar kovacevic,USA,R,183.0,2023-05-29,2024-08-26
Pavel Kotov,pavel kotov,RUS,R,191.0,2022-05-23,2024-08-26
Flavio Cobolli,flavio cobolli,ITA,R,183.0,2023-05-29,2024-08-26
Arthur Cazaux,arthur cazaux,FRA,R,183.0,2021-05-31,2024-08-26
Lukas Klein,lukas klein,SVK,R,193.0,2022-06-27,2024-01-15
Henri Squire,henri squire,GER,R,196.0,2024-05-27,2024-05-27
Filip Misolic,filip misolic,AUT,R,180.0,2024-05-27,2024-05-27
Jozef Kovalik,jozef kovalik,SVK,R,183.0,2016-01-18,2024-05-27
Luciano Darderi,luciano darderi,ITA,R,183.0,2024-05-27,2024-08-26
Mariano Navone,mariano navone,ARG,R,178.0,2024-05-27,2024-08-26
Zizou Bergs,zizou bergs,BEL,R,185.0,2022-06-27,2024-08-26
Otto Virtanen,otto virtanen,FIN,R,193.0,2023-08-28,2024-08-26
Francisco Comesana,francisco comesana,ARG,R,178.0,2024-07-01,2024-08-26
Adam Walton,adam walton,AUS,R,183.0,2024-01-15,2024-08-26
Giovanni Mpetshi Perricard,giovanni mpetshi perricard,FRA,R,203.0,2023-05-29,2024-08-26
Jacob Fearnley,jacob fearnley,GBR,R,183.0,2024-07-01,2024-07-01
Mattia Bellucci,mattia bellucci,ITA,L,175.0,2023-01-16,2024-08-26
Gabriel Diallo,gabriel diallo,CAN,R,203.0,2024-05-27,2024-08-26
Tristan Schoolkate,tristan schoolkate,AUS,R,183.0,2024-08-26,2024-08-26
Facundo Diaz Acosta,facundo diaz acosta,ARG,L,183.0,2023-05-29,2024-08-26
Jim Courier,jim courier,USA,R,185.0,2000-01-17,2000-01-17
Dejan Petrovic,dejan petrovic,SRB,R,,2000-01-17,2001-01-15
Julian Alonso,julian alonso,ESP,R,185.0,2000-01-17,2000-01-17
Alberto Berasategui,alberto berasategui,ESP,R,173.0,2000-01-17,2000-06-26
Juan Antonio Marin,juan antonio marin,CRC,R,175.0,2000-01-17,2006-05-29
Bernd Karbacher,bernd karbacher,GER,R,185.0,2000-01-17,2000-01-17
Gouichi Motomura,gouichi motomura,JPN,R,173.0,2000-01-17,2003-01-13
Nicklas Kulti,nicklas kulti,SWE,R,190.0,2000-01-17,2000-01-17
Lorenzo Manta,lorenzo manta,SUI,R,190.0,2000-01-17,2000-01-17
Alex Lopez Moron,alex lopez moron,ESP,R,175.0,2000-01-17,2000-01-17
Martin Rodriguez,martin rodriguez,ARG,R,178.0,2000-01-17,2000-05-29
Rodolphe Cadart,rodolphe cadart,FRA,L,183.0,2000-01-17,2000-01-17
Oscar Serrano,oscar serrano,ESP,R,173.0,2000-05-29,2000-05-29
Thierry Guardiola,thierry guardiola,FRA,R,188.0,2000-05-29,2000-08-28
Guillaume Raoux,guillaume raoux,FRA,R,180.0,2000-05-29,2000-05-29
Christian Ruud,christian ruud,NOR,R,188.0,2000-05-29,2001-05-28
Eric Prodon,eric prodon,FRA,R,178.0,2000-05-29,2012-05-27
Michael Kohlmann,michael kohlmann,GER,R,188.0,2000-06-26,2002-06-24
Miles Maclagan,miles maclagan,GBR,R,180.0,2000-06-26,2000-06-26
Paul Kilderry,paul kilderry,AUS,R,175.0,2000-06-26,2000-06-26
Igor Gaudi,igor gaudi,ITA,R,188.0,2000-06-26,2000-06-26
Mahesh Bhupathi,mahesh bhupathi,IND,R,185.0,2000-06-26,2000-06-26
Cedric Kauffmann,cedric kauffmann,FRA,R,,2000-08-28,2001-05-28
Phillip King,phillip king,USA,R,175.0,2000-08-28,2000-08-28
Nenad Zimonjic,nenad zimonjic,SRB,R,190.0,2001-01-15,2001-01-15
Ladislav Svarc,ladislav svarc,SVK,R,188.0,2001-01-15,2001-01-15
Matthew Breen,matthew breen,AUS,R,,2001-01-15,2001-01-15
Todd Perry,todd perry,AUS,R,175.0,2001-01-15,2001-01-15
Ota Fukarek,ota fukarek,CZE,R,190.0,2001-01-15,2002-01-14
Marc Kevin Goellner,marc kevin goellner,GER,R,196.0,2001-05-28,2001-05-28
Artem Derepasko,artem derepasko,RUS,R,,2001-06-25,2001-06-25
Luke Milligan,luke milligan,GBR,R,180.0,2001-06-25,2001-06-25
Yong Il Yoon,yong il yoon,KOR,R,175.0,2001-06-25,2001-06-25
Edwin Kempes,edwin kempes,NED,R,188.0,2001-06-25,2002-08-26
Levar Harper Griffith,levar harper griffith,USA,R,,2001-08-27,2001-08-27
Hugo Armando,hugo armando,USA,R,183.0,2001-08-27,2005-05-23
Cristiano Caratti,cristiano caratti,ITA,R,178.0,2001-08-27,2002-06-24
Eric Taino,eric taino,PHI,L,175.0,2001-08-27,2002-08-26
Mike Bryan,mike bryan,USA,R,190.0,2001-08-27,2001-08-27
Ivan Miranda,ivan miranda,PER,R,175.0,2002-05-27,2004-01-19
Didac Perez,didac perez,ESP,R,178.0,2002-05-27,2002-05-27
Edgardo Massa,edgardo massa,ARG,R,180.0,2002-05-27,2006-05-29
Oliver Marach,oliver marach,AUT,R,185.0,2002-05-27,2006-08-28
Alan Mackin,alan mackin,GBR,R,183.0,2002-06-24,2007-01-15
Juan Pablo Guzman,juan pablo guzman,ARG,L,178.0,2002-06-24,2007-08-27
Alex Bogdanovic,alex bogdanovic,GBR,L,183.0,2002-06-24,2009-06-22
Denis Golovanov,denis golovanov,RUS,L,188.0,2002-06-24,2002-06-24
Radoslav Lukaev,radoslav lukaev,BUL,R,,2002-08-26,2002-08-26
Slimane Saoudi,slimane saoudi,ALG,L,,2002-08-26,2002-08-26
Prakash Amritraj,prakash amritraj,IND,R,188.0,2002-08-26,2002-08-26
Matias Boeker,matias boeker,USA,R,,2002-08-26,2002-08-26
Bjorn Rehnquist,bjorn rehnquist,SWE,R,175.0,2002-08-26,2009-01-19
Zeljko Krajan,zeljko krajan,CRO,R,178.0,2003-01-13,2003-06-23
Ryan Henry,ryan henry,AUS,R,183.0,2003-01-13,2003-01-13
Giovanni Lapentti,giovanni lapentti,ECU,R,193.0,2003-05-26,2009-08-31
Sergio Roitman,sergio roitman,ARG,R,185.0,2003-05-26,2009-06-22
Mariano Delfino,mariano delfino,ARG,R,183.0,2003-05-26,2003-05-26
Hermes Gamonal,hermes gamonal,CHI,R,180.0,2003-05-26,2003-05-26
Petr Luxa,petr luxa,CZE,R,190.0,2003-06-23,2003-06-23
Michal Mertinak,michal mertinak,SVK,R,180.0,2003-06-23,2003-06-23
Maximilian Abel,maximilian abel,GER,R,,2003-08-25,2003-08-25
Robert Yim,robert yim,USA,L,,2003-08-25,2003-08-25
Jeff Salzenstein,jeff salzenstein,USA,L,185.0,2003-08-25,2004-06-21
Dennis Van Scheppingen,dennis van scheppingen,NED,R,185.0,2004-01-19,2004-08-30
Jonathan Marray,jonathan marray,GBR,R,183.0,2004-06-21,2007-06-25
Andy Ram,andy ram,ISR,R,180.0,2004-06-21,2004-06-21
Kj Hippensteel,kj hippensteel,USA,L,190.0,2004-08-30,2004-08-30
Marc Kimmich,marc kimmich,AUS,R,183.0,2005-01-17,2006-01-16
Sasa Tuksar,sasa tuksar,CRO,R,180.0,2005-05-23,2006-05-29
Tomas Tenconi,tomas tenconi,ITA,R,178.0,2005-05-23,2005-05-23
Josh Goodall,josh goodall,GBR,R,188.0,2005-06-20,2012-06-25
Adrian Garcia,adrian garcia,CHI,R,175.0,2005-06-20,2005-06-20
Tobias Summerer,tobias summerer,GER,R,185.0,2005-06-20,2005-08-29
Razvan Sabau,razvan sabau,ROU,R,185.0,2005-08-29,2006-06-26
Jacob Adaktusson,jacob adaktusson,SWE,R,193.0,2006-01-16,2006-01-16
Pavel Snobel,pavel snobel,CZE,L,190.0,2006-01-16,2008-06-23
Julio Silva,julio silva,BRA,R,173.0,2006-05-29,2010-08-30
Benedikt Dorsch,benedikt dorsch,GER,R,178.0,2006-06-26,2006-06-26
Jamie Baker,jamie baker,GBR,R,183.0,2006-06-26,2013-01-14
Phillip Simmonds,phillip simmonds,USA,R,,2006-08-28,2006-08-28
Brian Wilson,brian wilson,USA,R,190.0,2007-01-15,2007-01-15
Dusan Vemic,dusan vemic,SRB,R,190.0,2007-05-28,2007-05-28
Alexandre Sidorenko,alexandre sidorenko,FRA,R,185.0,2007-05-28,2009-05-25
Jonathan Eysseric,jonathan eysseric,FRA,L,180.0,2007-05-28,2008-05-25
Bruno Echagaray,bruno echagaray,MEX,R,183.0,2007-08-27,2007-08-27
Michael Mcclune,michael mcclune,USA,R,188.0,2007-08-27,2007-08-27
Dominik Meffert,dominik meffert,GER,R,198.0,2007-08-27,2007-08-27
Edouard Roger-Vasselin,edouard roger-vasselin,FRA,R,188.0,2008-01-14,2016-06-27
Nick Lindahl,nick lindahl,AUS,R,183.0,2008-01-14,2010-01-18
Martin Slanar,martin slanar,AUT,R,,2008-01-14,2008-01-14
Jesse Huta Galung,jesse huta galung,NED,R,188.0,2008-05-25,2014-01-13
Frederico Gil,frederico gil,POR,R,178.0,2008-05-25,2012-01-16
Izak Van Der Merwe,izak van der merwe,RSA,R,196.0,2008-06-23,2008-06-23
Dawid Olejniczak,dawid olejniczak,POL,R,,2008-06-23,2008-06-23
Jan Minar,jan minar,CZE,R,,2008-08-25,2008-08-25
Stephane Bohli,stephane bohli,SUI,R,185.0,2008-08-25,2008-08-25
Colin Ebelthite,colin ebelthite,AUS,R,,2009-01-19,2009-01-19
Andrea Stoppini,andrea stoppini,ITA,R,190.0,2009-01-19,2009-01-19
Lamine Ouahab,lamine ouahab,ALG,R,185.0,2009-01-19,2009-01-19
Franco Ferreiro,franco ferreiro,BRA,R,188.0,2009-05-25,2009-05-25
Romain Jouan,romain jouan,FRA,R,183.0,2009-05-25,2011-08-29
Grigor Dimitrov,grigor dimitrov,BUL,R,188.0,2009-06-22,2024-08-26
Riccardo Ghedin,riccardo ghedin,ITA,R,188.0,2009-06-22,2009-06-22
Luka Gregorc,luka gregorc,SLO,R,,2009-06-22,2009-06-22
Santiago Gonzalez,santiago gonzalez,MEX,R,190.0,2009-06-22,2009-06-22
Michael Yani,michael yani,USA,R,185.0,2009-06-22,2011-08-29
Devin Britton,devin britton,USA,R,193.0,2009-08-31,2009-08-31
Chase Buchanan,chase buchanan,USA,R,193.0,2009-08-31,2009-08-31
Ricardo Hocevar,ricardo hocevar,BRA,R,180.0,2010-01-18,2010-01-18
David Guez,david guez,FRA,R,185.0,2010-01-18,2014-01-13
Jorge Aguilar,jorge aguilar,CHI,R,178.0,2010-05-24,2010-05-24
Gianni Mina,gianni mina,FRA,R,185.0,2010-05-24,2010-05-24
Andrey Kuznetsov,andrey kuznetsov,RUS,R,185.0,2010-06-21,2022-05-23
Guillermo Alcaide,guillermo alcaide,ESP,R,188.0,2010-06-21,2010-06-21
Bradley Klahn,bradley klahn,USA,L,190.0,2010-08-30,2020-08-31
Jack Sock,jack sock,USA,R,185.0,2010-08-30,2022-08-29
Lukas Rosol,lukas rosol,CZE,R,196.0,2010-08-30,2022-06-27
Dusan Lojda,dusan lojda,CZE,L,188.0,2010-08-30,2010-08-30
Martin Klizan,martin klizan,SVK,L,190.0,2010-08-30,2019-08-26
Marco Crugnola,marco crugnola,ITA,R,188.0,2011-01-17,2011-01-17
Javier Marti,javier marti,ESP,R,,2011-05-22,2011-05-22
Augustin Gensse,augustin gensse,FRA,R,180.0,2011-05-22,2011-08-29
Daniel Cox,daniel cox,GBR,R,170.0,2011-06-20,2014-06-23
Jaroslav Pospisil,jaroslav pospisil,CZE,R,175.0,2011-06-20,2011-06-20
Conor Niland,conor niland,IRL,R,185.0,2011-06-20,2011-08-29
Jonathan Dasnieres De Veigy,jonathan dasnieres de veigy,FRA,L,175.0,2011-08-29,2012-05-27
Joao Souza,joao souza,BRA,R,193.0,2011-08-29,2015-08-31
Robert Farah,robert farah,COL,R,193.0,2011-08-29,2011-08-29
Matteo Viola,matteo viola,ITA,R,188.0,2012-01-16,2012-01-16
Greg Jones,greg jones,AUS,R,190.0,2012-01-16,2012-01-16
Frederik Nielsen,frederik nielsen,DEN,R,190.0,2012-01-16,2012-01-16
Benjamin Mitchell,benjamin mitchell,AUS,R,183.0,2012-01-16,2013-01-14
Daniel Munoz de la Nava,daniel munoz de la nava,ESP,L,178.0,2012-05-27,2016-05-23
Oliver Golding,oliver golding,GBR,R,188.0,2012-06-25,2012-06-25
Maxime Authom,maxime authom,BEL,R,,2012-08-27,2013-01-14
Hiroki Moriya,hiroki moriya,JPN,R,168.0,2012-08-27,2015-06-29
Rhyne Williams,rhyne williams,USA,R,185.0,2012-08-27,2014-01-13
Arnau Brugues Davi,arnau brugues davi,ESP,L,183.0,2013-01-14,2013-01-14
John Patrick Smith,john patrick smith,AUS,L,188.0,2013-01-14,2020-01-20
Di Wu,di wu,CHN,R,175.0,2013-01-14,2016-01-18
Martin Alund,martin alund,ARG,R,183.0,2013-05-27,2013-06-24
Gastao Elias,gastao elias,POR,R,180.0,2013-06-24,2018-07-02
Matt Reid,matt reid,AUS,R,183.0,2013-06-24,2013-06-24
Bastian Knittel,bastian knittel,GER,L,180.0,2013-06-24,2013-06-24
Albano Olivetti,albano olivetti,FRA,R,203.0,2013-08-26,2016-06-27
Collin Altamirano,collin altamirano,USA,R,188.0,2013-08-26,2018-08-27
Ze Zhang,ze zhang,CHN,R,188.0,2014-01-13,2015-01-19
Laurent Lokoli,laurent lokoli,FRA,R,188.0,2014-05-26,2023-07-03
Facundo Arguello,facundo arguello,ARG,R,178.0,2014-05-26,2015-05-24
Miloslav Mecir Jr,miloslav mecir jr,SVK,R,190.0,2014-05-26,2014-05-26
Daniel Smethurst,daniel smethurst,GBR,R,188.0,2014-06-23,2014-06-23
James Mcgee,james mcgee,IRL,R,183.0,2014-08-25,2014-08-25
Niels Desein,niels desein,BEL,R,190.0,2014-08-25,2014-08-25
Yuki Bhambri,yuki bhambri,IND,R,185.0,2015-01-19,2018-08-27
Luca Vanni,luca vanni,ITA,R,198.0,2015-05-24,2019-01-14
Germain Gigounon,germain gigounon,BEL,R,,2015-05-24,2015-05-24
Maxime Hamou,maxime hamou,FRA,R,185.0,2015-05-24,2017-05-29
Christian Lindell,christian lindell,SWE,R,193.0,2015-05-24,2015-05-24
Kimmer Coppejans,kimmer coppejans,BEL,R,178.0,2015-05-24,2023-07-03
Ryan Shane,ryan shane,USA,R,193.0,2015-08-31,2015-08-31
Gerald Melzer,gerald melzer,AUT,L,188.0,2016-05-23,2018-01-15
Jordi Samper Montana,jordi samper montana,ESP,U,,2016-05-23,2016-05-23
Alexander Ward,alexander ward,GBR,R,185.0,2016-06-27,2017-07-03
Tristan Lamasine,tristan lamasine,FRA,R,183.0,2016-06-27,2016-06-27
Franko Skugor,franko skugor,CRO,R,196.0,2016-06-27,2016-06-27
Saketh Myneni,saketh myneni,IND,R,193.0,2016-08-29,2016-08-29
Guilherme Clezar,guilherme clezar,BRA,R,183.0,2016-08-29,2016-08-29
Blake Mott,blake mott,AUS,R,180.0,2017-01-16,2017-01-16
Arthur De Greef,arthur de greef,BEL,R,183.0,2017-05-29,2017-05-29
Geoffrey Blancaneaux,geoffrey blancaneaux,FRA,R,180.0,2017-08-28,2022-05-23
Vaclav Safranek,vaclav safranek,CZE,R,183.0,2017-08-28,2018-01-15
Patrick Kypson,patrick kypson,USA,R,188.0,2017-08-28,2024-01-15
Thai Son Kwiatkowski,thai son kwiatkowski,USA,R,188.0,2017-08-28,2020-08-31
Jc Aragone,jc aragone,USA,R,178.0,2017-08-28,2017-08-28
Darian King,darian king,BAR,R,188.0,2017-08-28,2017-08-28
Evan King,evan king,USA,L,185.0,2017-08-28,2017-08-28
Kevin King,kevin king,USA,L,191.0,2018-01-15,2018-01-15
Calvin Hemery,calvin hemery,FRA,R,191.0,2018-05-28,2018-05-28
Mohamed Safwat,mohamed safwat,EGY,R,180.0,2018-05-28,2020-08-31
Carlos Taberner,carlos taberner,ESP,R,183.0,2018-05-28,2022-06-27
Maxime Janvier,maxime janvier,FRA,R,196.0,2018-05-28,2024-07-01
Jason Jung,jason jung,TPE,R,180.0,2018-07-02,2020-09-28
Federico Gaio,federico gaio,ITA,R,178.0,2018-08-27,2020-08-31
Zhe Li,zhe li,CHN,R,183.0,2019-01-14,2019-01-14
Gleb Sakharov,gleb sakharov,FRA,R,185.0,2019-01-14,2019-01-14
Prajnesh Gunneswaran,prajnesh gunneswaran,IND,L,188.0,2019-01-14,2020-01-20
Rudolf Molleker,rudolf molleker,GER,R,188.0,2019-01-14,2019-05-27
Pedro Sousa,pedro sousa,POR,R,180.0,2019-01-14,2021-06-28
Alexey Vatutin,alexey vatutin,RUS,R,178.0,2019-05-27,2019-05-27
Yasutaka Uchiyama,yasutaka uchiyama,JPN,R,183.0,2019-07-01,2021-06-28
Paul Jubb,paul jubb,GBR,R,180.0,2019-07-01,2024-07-01
Brayden Schnur,brayden schnur,CAN,R,193.0,2019-07-01,2019-08-26
Mario Vilella Martinez,mario vilella martinez,ESP,R,178.0,2020-01-20,2021-05-31
Andrew Harris,andrew harris,AUS,R,183.0,2020-01-20,2020-01-20
Ulises Blanch,ulises blanch,USA,R,188.0,2020-08-31,2020-08-31
Emilio Gomez,emilio gomez,ECU,R,185.0,2020-09-28,2022-01-17
Steven Diez,steven diez,CAN,R,175.0,2020-09-28,2020-09-28
Frederico Ferreira Silva,frederico ferreira silva,POR,L,178.0,2021-02-08,2021-02-08
Li Tu,li tu,AUS,R,183.0,2021-02-08,2024-08-26
Mikael Torpegaard,mikael torpegaard,DEN,R,193.0,2021-02-08,2021-02-08
Daniel Masur,daniel masur,GER,R,183.0,2021-06-28,2021-06-28
Cem Ilkel,cem ilkel,TUR,R,185.0,2021-08-30,2021-08-30
Sam Riffice,sam riffice,USA,R,188.0,2021-08-30,2021-08-30
Chun Hsin Tseng,chun hsin tseng,TPE,R,175.0,2022-01-17,2023-01-16
Timofey Skatov,timofey skatov,KAZ,R,175.0,2022-01-17,2024-08-26
Santiago Fa Rodriguez Taverna,santiago fa rodriguez taverna,ARG,R,191.0,2022-05-23,2022-05-23
Manuel Guinard,manuel guinard,FRA,R,198.0,2022-05-23,2022-05-23
Franco Agamenone,franco agamenone,ITA,R,191.0,2022-05-23,2022-05-23
Marc Andrea Huesler,marc andrea huesler,SUI,L,196.0,2022-06-27,2023-08-28
Nicola Kuhn,nicola kuhn,GER,R,185.0,2022-06-27,2022-06-27
Alexander Ritschard,alexander ritschard,SUI,R,193.0,2022-06-27,2022-08-29
Learner Tien,learner tien,USA,L,180.0,2022-08-29,2024-08-26
Oleksii Krutykh,oleksii krutykh,UKR,R,185.0,2023-01-16,2023-01-16
Eduardo Nava,eduardo nava,USA,R,180.0,2023-05-29,2023-05-29
Hamad Medjedovic,hamad medjedovic,SRB,R,188.0,2023-05-29,2024-08-26
Sho Shimabukuro,sho shimabukuro,JPN,R,180.0,2023-07-03,2023-08-28
George Loffhagen,george loffhagen,GBR,R,188.0,2023-07-03,2023-07-03
Arthur Fery,arthur fery,GBR,R,175.0,2023-07-03,2024-07-01
Shintaro Mochizuki,shintaro mochizuki,JPN,R,175.0,2023-07-03,2024-05-27
Nicolas Moreno De Alboran,nicolas moreno de alboran,USA,R,185.0,2023-08-28,2024-05-27
Ethan Quinn,ethan quinn,USA,R,191.0,2023-08-28,2023-08-28
Dino Prizmic,dino prizmic,CRO,R,188.0,2024-01-15,2024-01-15
Dane Sweeny,dane sweeny,AUS,R,170.0,2024-01-15,2024-01-15
Vit Kopriva,vit kopriva,CZE,R,178.0,2024-01-15,2024-07-01
Terence Atmane,terence atmane,FRA,L,193.0,2024-01-15,2024-05-27
James Mccabe,james mccabe,AUS,R,188.0,2024-01-15,2024-01-15
Mate Valkusz,mate valkusz,HUN,R,183.0,2024-01-15,2024-01-15
Roman Andres Burruchaga,roman andres burruchaga,ARG,R,183.0,2024-05-27,2024-05-27
Luca Nardi,luca nardi,ITA,R,185.0,2024-05-27,2024-08-26
Valentin Vacherot,valentin vacherot,MON,R,193.0,2024-05-27,2024-05-27
Gustavo Heide,gustavo heide,BRA,R,191.0,2024-05-27,2024-05-27
Charles Broom,charles broom,GBR,R,178.0,2024-07-01,2024-07-01
Mark Lajal,mark lajal,EST,R,191.0,2024-07-01,2024-07-01
Henry Searle,henry searle,GBR,L,193.0,2024-07-01,2024-07-01
Billy Harris,billy harris,GBR,R,193.0,2024-07-01,2024-07-01
Alejandro Moro Canas,alejandro moro canas,ESP,R,183.0,2024-07-01,2024-07-01
Eliot Spizzirri,eliot spizzirri,USA,R,183.0,2024-08-26,2024-08-26
Matthew Forbes,matthew forbes,USA,U,,2024-08-26,2024-08-26
Bu Yunchaokete,bu yunchaokete,CHN,R,185.0,2024-08-26,2024-08-26
Kyrian Jacquet,kyrian jacquet,FRA,R,178.0,2024-08-26,2024-08-26
Maks Kasnikowski,maks kasnikowski,POL,R,180.0,2024-08-26,2024-08-26
